Timestamp for sample frequency every 1 min,Temperature (Â°F),Relative Humidity (%)
6/30/2025 11:00,83.675,61.4133
6/30/2025 11:25,84.2155,59.1855
6/30/2025 11:26,84.2155,59.1245
6/30/2025 11:27,84.2155,59.0635
6/30/2025 11:28,84.2155,59.0024
6/30/2025 11:29,84.2155,58.9719
6/30/2025 11:30,84.2541,58.9414
6/30/2025 11:31,84.2541,58.8499
6/30/2025 11:32,84.2734,58.8193
6/30/2025 11:33,84.2541,58.7888
6/30/2025 11:34,84.2734,58.7278
6/30/2025 11:35,84.2541,58.6667
6/30/2025 11:36,84.2734,58.6667
6/30/2025 11:37,84.2927,58.6362
6/30/2025 11:38,84.2927,58.6057
6/30/2025 11:39,84.312,58.5752
6/30/2025 11:40,84.3313,58.5447
6/30/2025 11:41,84.3313,58.4836
6/30/2025 11:42,84.3506,58.4836
6/30/2025 11:43,84.3506,58.4226
6/30/2025 11:44,84.3699,58.4226
6/30/2025 11:45,84.3893,58.3616
6/30/2025 11:46,84.3893,58.3005
6/30/2025 11:47,84.3893,58.27
6/30/2025 11:48,84.4086,58.2395
6/30/2025 11:49,84.4086,58.27
6/30/2025 11:50,84.4279,58.209
6/30/2025 11:51,84.4279,58.209
6/30/2025 11:52,84.4279,58.1479
6/30/2025 11:53,84.4279,58.1479
6/30/2025 11:54,84.4279,58.1174
6/30/2025 11:55,84.4279,58.1174
6/30/2025 11:56,84.4279,58.0869
6/30/2025 11:57,84.4279,58.0564
6/30/2025 11:58,84.4279,58.0259
6/30/2025 11:59,84.4472,57.9954
6/30/2025 12:00,84.4472,57.9954
6/30/2025 12:01,84.4472,57.9343
6/30/2025 12:02,84.4472,57.9648
6/30/2025 12:03,84.4665,57.9038
6/30/2025 12:04,84.4858,57.9038
6/30/2025 12:05,84.5051,57.9038
6/30/2025 12:06,84.5244,57.8428
6/30/2025 12:07,84.5437,57.7817
6/30/2025 12:08,84.5437,57.7512
6/30/2025 12:09,84.563,57.7512
6/30/2025 12:10,84.5823,57.8123
6/30/2025 12:11,84.6016,57.7207
6/30/2025 12:12,84.6209,57.6902
6/30/2025 12:13,84.6209,57.6292
6/30/2025 12:14,84.6209,57.6292
6/30/2025 12:15,84.6402,57.5986
6/30/2025 12:16,84.6402,57.5986
6/30/2025 12:17,84.6402,57.5986
6/30/2025 12:18,84.6402,57.5681
6/30/2025 12:19,84.6402,57.5376
6/30/2025 12:20,84.6402,57.5071
6/30/2025 12:21,84.6402,57.5071
6/30/2025 12:22,84.6402,57.5071
6/30/2025 12:23,84.6402,57.5071
6/30/2025 12:24,84.6402,57.5071
6/30/2025 12:25,84.6595,57.4766
6/30/2025 12:26,84.6595,57.4766
6/30/2025 12:27,84.6595,57.4766
6/30/2025 12:28,84.6595,57.446
6/30/2025 12:29,84.6595,57.446
6/30/2025 12:30,84.6788,57.446
6/30/2025 12:31,84.6788,57.4155
6/30/2025 12:32,84.6788,57.385
6/30/2025 12:33,84.6788,57.3545
6/30/2025 12:34,84.6788,57.324
6/30/2025 12:35,84.6788,57.324
6/30/2025 12:36,84.6788,57.2935
6/30/2025 12:37,84.6788,57.324
6/30/2025 12:38,84.6981,57.2629
6/30/2025 12:39,84.6981,57.2935
6/30/2025 12:40,84.7174,57.2629
6/30/2025 12:41,84.7174,57.2629
6/30/2025 12:42,84.7367,57.2629
6/30/2025 12:43,84.7561,57.2629
6/30/2025 12:44,84.7561,57.2324
6/30/2025 12:45,84.7754,57.1714
6/30/2025 12:46,84.7754,57.1714
6/30/2025 12:47,84.7947,57.1104
6/30/2025 12:48,84.7947,57.0798
6/30/2025 12:49,84.7947,57.0798
6/30/2025 12:50,84.7947,57.0798
6/30/2025 12:51,84.7947,57.0798
6/30/2025 12:52,84.814,57.0493
6/30/2025 12:53,84.814,57.0493
6/30/2025 12:54,84.814,57.0493
6/30/2025 12:55,84.8333,57.0493
6/30/2025 12:56,84.8526,57.0188
6/30/2025 12:57,84.8526,56.9883
6/30/2025 12:58,84.8526,56.9883
6/30/2025 12:59,84.8526,56.9883
6/30/2025 13:00,84.8526,56.9578
6/30/2025 13:01,84.8526,56.9578
6/30/2025 13:02,84.8333,56.9272
6/30/2025 13:03,84.8333,56.9272
6/30/2025 13:04,84.8333,56.9578
6/30/2025 13:05,84.8333,56.9272
6/30/2025 13:06,84.814,56.9272
6/30/2025 13:07,84.8333,56.9272
6/30/2025 13:08,84.8333,56.9272
6/30/2025 13:09,84.8333,56.9272
6/30/2025 13:10,84.8333,56.9578
6/30/2025 13:11,84.8526,56.9272
6/30/2025 13:12,84.8719,56.9272
6/30/2025 13:13,84.8719,56.8967
6/30/2025 13:14,84.8912,56.9272
6/30/2025 13:15,84.8912,56.8967
6/30/2025 13:16,84.8912,56.8967
6/30/2025 13:17,84.8912,56.8662
6/30/2025 13:18,84.8912,56.8967
6/30/2025 13:19,84.8912,56.8967
6/30/2025 13:20,84.8912,56.8662
6/30/2025 13:21,84.9105,56.8662
6/30/2025 13:22,84.9105,56.8967
6/30/2025 13:23,84.9105,56.8662
6/30/2025 13:24,84.9105,56.8357
6/30/2025 13:25,84.9105,56.8052
6/30/2025 13:26,84.9105,56.8052
6/30/2025 13:27,84.9105,56.8052
6/30/2025 13:28,84.9105,56.8052
6/30/2025 13:29,84.8912,56.8052
6/30/2025 13:30,84.8912,56.8052
6/30/2025 13:31,84.8912,56.8052
6/30/2025 13:32,84.8719,56.8052
6/30/2025 13:33,84.8719,56.8052
6/30/2025 13:34,84.8719,56.8357
6/30/2025 13:35,84.8719,56.8357
6/30/2025 13:36,84.8526,56.8052
6/30/2025 13:37,84.8526,56.8052
6/30/2025 13:38,84.8526,56.8052
6/30/2025 13:39,84.8719,56.8052
6/30/2025 13:40,84.8719,56.8357
6/30/2025 13:41,84.8719,56.8052
6/30/2025 13:42,84.8719,56.8052
6/30/2025 13:43,84.8719,56.8052
6/30/2025 13:44,84.8719,56.8052
6/30/2025 13:45,84.8719,56.8052
6/30/2025 13:46,84.8719,56.8052
6/30/2025 13:47,84.8912,56.8052
6/30/2025 13:48,84.8719,56.7747
6/30/2025 13:49,84.8912,56.7747
6/30/2025 13:50,84.8912,56.7747
6/30/2025 13:51,84.9105,56.7747
6/30/2025 13:52,84.9105,56.7747
6/30/2025 13:53,84.9298,56.7441
6/30/2025 13:54,84.9298,56.7441
6/30/2025 13:55,84.9491,56.7136
6/30/2025 13:56,84.9298,56.7136
6/30/2025 13:57,84.9298,56.6831
6/30/2025 13:58,84.9298,56.6831
6/30/2025 13:59,84.9298,56.6831
6/30/2025 14:00,84.9298,56.6526
6/30/2025 14:01,84.9105,56.6526
6/30/2025 14:02,84.9105,56.6831
6/30/2025 14:03,84.9105,56.6831
6/30/2025 14:04,84.9105,56.6831
6/30/2025 14:05,84.8912,56.7136
6/30/2025 14:06,84.9105,56.7136
6/30/2025 14:07,84.9298,56.7136
6/30/2025 14:08,84.9105,56.7136
6/30/2025 14:09,84.9105,56.7136
6/30/2025 14:10,84.9105,56.6831
6/30/2025 14:11,84.9105,56.7136
6/30/2025 14:12,84.9105,56.7136
6/30/2025 14:13,84.9105,56.6831
6/30/2025 14:14,84.9105,56.7136
6/30/2025 14:15,84.9105,56.7136
6/30/2025 14:16,84.9105,56.7136
6/30/2025 14:17,84.9105,56.7441
6/30/2025 14:18,84.8912,56.7441
6/30/2025 14:19,84.9105,56.7441
6/30/2025 14:20,84.9105,56.7441
6/30/2025 14:21,84.9105,56.7747
6/30/2025 14:22,84.9105,56.7747
6/30/2025 14:23,84.9105,56.7441
6/30/2025 14:24,84.9105,56.7747
6/30/2025 14:25,84.9105,56.7441
6/30/2025 14:26,84.9105,56.7747
6/30/2025 14:27,84.9105,56.7441
6/30/2025 14:28,84.9105,56.7441
6/30/2025 14:29,84.9105,56.7441
6/30/2025 14:30,84.8912,56.7441
6/30/2025 14:31,84.9105,56.7441
6/30/2025 14:32,84.9105,56.7136
6/30/2025 14:33,84.9105,56.7136
6/30/2025 14:34,84.8912,56.7441
6/30/2025 14:35,84.9105,56.7136
6/30/2025 14:36,84.9105,56.6831
6/30/2025 14:37,84.9298,56.6831
6/30/2025 14:38,84.9298,56.7136
6/30/2025 14:39,84.9491,56.6831
6/30/2025 14:40,84.9684,56.7136
6/30/2025 14:41,85.007,56.6831
6/30/2025 14:42,85.007,56.6526
6/30/2025 14:43,85.0263,56.6526
6/30/2025 14:44,85.0263,56.6526
6/30/2025 14:45,85.0263,56.6221
6/30/2025 14:46,85.0456,56.6526
6/30/2025 14:47,85.0456,56.6221
6/30/2025 14:48,85.0456,56.6221
6/30/2025 14:49,85.0456,56.6526
6/30/2025 14:50,85.0456,56.6526
6/30/2025 14:51,85.0456,56.6831
6/30/2025 14:52,85.0456,56.6831
6/30/2025 14:53,85.0456,56.7136
6/30/2025 14:54,85.0456,56.7441
6/30/2025 14:55,85.0456,56.7441
6/30/2025 14:56,85.0456,56.7441
6/30/2025 14:57,85.0456,56.7747
6/30/2025 14:58,85.0456,56.7747
6/30/2025 14:59,85.0456,56.7747
6/30/2025 15:00,85.0456,56.8052
6/30/2025 15:01,85.0456,56.8357
6/30/2025 15:02,85.0456,56.8357
6/30/2025 15:03,85.0456,56.8357
6/30/2025 15:04,85.0456,56.8357
6/30/2025 15:05,85.0456,56.8357
6/30/2025 15:06,85.0456,56.8357
6/30/2025 15:07,85.0456,56.8357
6/30/2025 15:08,85.0456,56.8052
6/30/2025 15:09,85.0456,56.8052
6/30/2025 15:10,85.0456,56.7747
6/30/2025 15:11,85.0456,56.7747
6/30/2025 15:12,85.0263,56.7747
6/30/2025 15:13,85.007,56.7747
6/30/2025 15:14,85.0263,56.7747
6/30/2025 15:15,84.9877,56.7441
6/30/2025 15:16,84.9877,56.7441
6/30/2025 15:17,84.9877,56.7747
6/30/2025 15:18,84.9684,56.7747
6/30/2025 15:19,84.9684,56.7747
6/30/2025 15:20,84.9491,56.7747
6/30/2025 15:21,84.9684,56.8052
6/30/2025 15:22,84.9684,56.8052
6/30/2025 15:23,84.9877,56.8052
6/30/2025 15:24,84.9877,56.7747
6/30/2025 15:25,84.9877,56.7747
6/30/2025 15:26,84.9877,56.7441
6/30/2025 15:27,84.9877,56.7441
6/30/2025 15:28,84.9877,56.7136
6/30/2025 15:29,84.9491,56.6831
6/30/2025 15:30,84.9491,56.6831
6/30/2025 15:31,84.9491,56.7136
6/30/2025 15:32,84.9491,56.7136
6/30/2025 15:33,84.9298,56.7441
6/30/2025 15:34,84.9491,56.7747
6/30/2025 15:35,84.9684,56.7441
6/30/2025 15:36,85.007,56.7136
6/30/2025 15:37,85.0263,56.7136
6/30/2025 15:38,85.0263,56.7136
6/30/2025 15:39,85.0263,56.7136
6/30/2025 15:40,85.0456,56.6831
6/30/2025 15:41,85.0456,56.6831
6/30/2025 15:42,85.0263,56.6526
6/30/2025 15:43,85.0263,56.6526
6/30/2025 15:44,85.0263,56.6526
6/30/2025 15:45,85.0263,56.6221
6/30/2025 15:46,85.007,56.6221
6/30/2025 15:47,85.007,56.6221
6/30/2025 15:48,84.9877,56.6221
6/30/2025 15:49,84.9684,56.6221
6/30/2025 15:50,84.9684,56.6221
6/30/2025 15:51,84.9491,56.6221
6/30/2025 15:52,84.9491,56.6221
6/30/2025 15:53,84.9491,56.6221
6/30/2025 15:54,84.9684,56.6221
6/30/2025 15:55,84.9491,56.6221
6/30/2025 15:56,84.9684,56.6221
6/30/2025 15:57,84.9684,56.6221
6/30/2025 15:58,84.9491,56.6221
6/30/2025 15:59,84.9684,56.6221
6/30/2025 16:00,84.9684,56.5916
6/30/2025 16:01,84.9491,56.5916
6/30/2025 16:02,84.9491,56.561
6/30/2025 16:03,84.9298,56.5916
6/30/2025 16:04,84.9298,56.5916
6/30/2025 16:05,84.9298,56.5916
6/30/2025 16:06,84.9298,56.6221
6/30/2025 16:07,84.9491,56.6221
6/30/2025 16:08,84.9298,56.5916
6/30/2025 16:09,84.9298,56.5916
6/30/2025 16:10,84.9298,56.5916
6/30/2025 16:11,84.9491,56.5916
6/30/2025 16:12,84.9298,56.5916
6/30/2025 16:13,84.9491,56.5916
6/30/2025 16:14,84.9491,56.561
6/30/2025 16:15,84.9298,56.5916
6/30/2025 16:16,84.9491,56.561
6/30/2025 16:17,84.9491,56.561
6/30/2025 16:18,84.9298,56.561
6/30/2025 16:19,84.9491,56.561
6/30/2025 16:20,84.9298,56.5305
6/30/2025 16:21,84.9298,56.5305
6/30/2025 16:22,84.9491,56.5305
6/30/2025 16:23,84.9491,56.5305
6/30/2025 16:24,84.9491,56.5305
6/30/2025 16:25,84.9491,56.5305
6/30/2025 16:26,84.9491,56.5305
6/30/2025 16:27,84.9684,56.5305
6/30/2025 16:28,84.9684,56.5
6/30/2025 16:29,84.9684,56.5
6/30/2025 16:30,84.9684,56.5
6/30/2025 16:31,84.9684,56.5
6/30/2025 16:32,84.9684,56.4695
6/30/2025 16:33,84.9491,56.4695
6/30/2025 16:34,84.9491,56.4695
6/30/2025 16:35,84.9684,56.5
6/30/2025 16:36,84.9491,56.4695
6/30/2025 16:37,84.9491,56.5
6/30/2025 16:38,84.9684,56.5
6/30/2025 16:39,84.9684,56.4695
6/30/2025 16:40,84.9684,56.4695
6/30/2025 16:41,84.9684,56.4695
6/30/2025 16:42,84.9684,56.4695
6/30/2025 16:43,84.9491,56.439
6/30/2025 16:44,84.9684,56.439
6/30/2025 16:45,84.9491,56.439
6/30/2025 16:46,84.9491,56.439
6/30/2025 16:47,84.9491,56.439
6/30/2025 16:48,84.9491,56.439
6/30/2025 16:49,84.9491,56.439
6/30/2025 16:50,84.9491,56.4695
6/30/2025 16:51,84.9684,56.4695
6/30/2025 16:52,84.9684,56.4695
6/30/2025 16:53,84.9684,56.4695
6/30/2025 16:54,84.9684,56.4695
6/30/2025 16:55,84.9877,56.5
6/30/2025 16:56,84.9877,56.5
6/30/2025 16:57,84.9877,56.5
6/30/2025 16:58,84.9877,56.5
6/30/2025 16:59,85.007,56.5
6/30/2025 17:00,85.007,56.5
6/30/2025 17:01,85.007,56.5305
6/30/2025 17:02,85.0263,56.5305
6/30/2025 17:03,85.0263,56.5916
6/30/2025 17:04,85.0263,56.5916
6/30/2025 17:05,85.0456,56.5916
6/30/2025 17:06,85.0456,56.6221
6/30/2025 17:07,85.0456,56.6526
6/30/2025 17:08,85.0456,56.6526
6/30/2025 17:09,85.0456,56.7136
6/30/2025 17:10,85.0456,56.7136
6/30/2025 17:11,85.0456,56.7441
6/30/2025 17:12,85.0456,56.7441
6/30/2025 17:13,85.0649,56.7747
6/30/2025 17:14,85.0649,56.8052
6/30/2025 17:15,85.0649,56.8357
6/30/2025 17:16,85.0842,56.8357
6/30/2025 17:17,85.0842,56.8662
6/30/2025 17:18,85.0842,56.8662
6/30/2025 17:19,85.0842,56.8662
6/30/2025 17:20,85.1035,56.8967
6/30/2025 17:21,85.1035,56.8662
6/30/2025 17:22,85.0842,56.8967
6/30/2025 17:23,85.0842,56.8662
6/30/2025 17:24,85.0842,56.8662
6/30/2025 17:25,85.0842,56.8662
6/30/2025 17:26,85.0842,56.8967
6/30/2025 17:27,85.0649,56.8967
6/30/2025 17:28,85.0649,56.9272
6/30/2025 17:29,85.0842,56.9272
6/30/2025 17:30,85.0842,56.9272
6/30/2025 17:31,85.0842,56.9272
6/30/2025 17:32,85.1035,56.9272
6/30/2025 17:33,85.1035,56.9272
6/30/2025 17:34,85.1228,56.9272
6/30/2025 17:35,85.1228,56.9272
6/30/2025 17:36,85.1228,56.9272
6/30/2025 17:37,85.1228,56.9578
6/30/2025 17:38,85.1228,56.9883
6/30/2025 17:39,85.1228,56.9883
6/30/2025 17:40,85.1422,57.0188
6/30/2025 17:41,85.1422,57.0188
6/30/2025 17:42,85.1228,57.0493
6/30/2025 17:43,85.1422,57.0798
6/30/2025 17:44,85.1422,57.1104
6/30/2025 17:45,85.1422,57.1409
6/30/2025 17:46,85.1228,57.1409
6/30/2025 17:47,85.1422,57.2019
6/30/2025 17:48,85.1422,57.2324
6/30/2025 17:49,85.1615,57.2629
6/30/2025 17:50,85.1615,57.2629
6/30/2025 17:51,85.1615,57.2935
6/30/2025 17:52,85.1615,57.2935
6/30/2025 17:53,85.1615,57.2629
6/30/2025 17:54,85.1615,57.2629
6/30/2025 17:55,85.1615,57.2935
6/30/2025 17:56,85.1615,57.2935
6/30/2025 17:57,85.1615,57.2629
6/30/2025 17:58,85.1808,57.2935
6/30/2025 17:59,85.1808,57.324
6/30/2025 18:00,85.1808,57.2935
6/30/2025 18:01,85.1808,57.324
6/30/2025 18:02,85.1808,57.324
6/30/2025 18:03,85.1808,57.324
6/30/2025 18:04,85.1808,57.324
6/30/2025 18:05,85.1808,57.324
6/30/2025 18:06,85.1808,57.324
6/30/2025 18:07,85.1808,57.3545
6/30/2025 18:08,85.1808,57.324
6/30/2025 18:09,85.2001,57.324
6/30/2025 18:10,85.2001,57.3545
6/30/2025 18:11,85.1808,57.3545
6/30/2025 18:12,85.1808,57.385
6/30/2025 18:13,85.2001,57.3545
6/30/2025 18:14,85.1808,57.324
6/30/2025 18:15,85.2194,57.3545
6/30/2025 18:16,85.2194,57.3545
6/30/2025 18:17,85.2194,57.324
6/30/2025 18:18,85.2194,57.324
6/30/2025 18:19,85.2194,57.2935
6/30/2025 18:20,85.2387,57.324
6/30/2025 18:21,85.2387,57.324
6/30/2025 18:22,85.258,57.2935
6/30/2025 18:23,85.258,57.2935
6/30/2025 18:24,85.2773,57.2935
6/30/2025 18:25,85.2966,57.324
6/30/2025 18:26,85.3159,57.3545
6/30/2025 18:27,85.3352,57.324
6/30/2025 18:28,85.3545,57.324
6/30/2025 18:29,85.3545,57.3545
6/30/2025 18:30,85.3931,57.324
6/30/2025 18:31,85.3931,57.324
6/30/2025 18:32,85.4124,57.3545
6/30/2025 18:33,85.4124,57.385
6/30/2025 18:34,85.4317,57.4155
6/30/2025 18:35,85.451,57.446
6/30/2025 18:36,85.451,57.4766
6/30/2025 18:37,85.4703,57.4766
6/30/2025 18:38,85.4896,57.4766
6/30/2025 18:39,85.4896,57.4766
6/30/2025 18:40,85.4896,57.4766
6/30/2025 18:41,85.4703,57.4766
6/30/2025 18:42,85.4703,57.5071
6/30/2025 18:43,85.451,57.5376
6/30/2025 18:44,85.451,57.5376
6/30/2025 18:45,85.451,57.5376
6/30/2025 18:46,85.451,57.5376
6/30/2025 18:47,85.4317,57.5681
6/30/2025 18:48,85.451,57.5986
6/30/2025 18:49,85.451,57.5681
6/30/2025 18:50,85.451,57.5986
6/30/2025 18:51,85.4703,57.6292
6/30/2025 18:52,85.4896,57.6597
6/30/2025 18:53,85.509,57.6292
6/30/2025 18:54,85.5283,57.6292
6/30/2025 18:55,85.5283,57.6597
6/30/2025 18:56,85.5283,57.6597
6/30/2025 18:57,85.5283,57.6597
6/30/2025 18:58,85.5669,57.6597
6/30/2025 18:59,85.5862,57.6597
6/30/2025 19:00,85.6055,57.6292
6/30/2025 19:01,85.6055,57.6597
6/30/2025 19:02,85.6055,57.6597
6/30/2025 19:03,85.6055,57.6597
6/30/2025 19:04,85.6055,57.6597
6/30/2025 19:05,85.6055,57.6902
6/30/2025 19:06,85.5862,57.6902
6/30/2025 19:07,85.5669,57.6902
6/30/2025 19:08,85.5669,57.6902
6/30/2025 19:09,85.5669,57.7207
6/30/2025 19:10,85.5669,57.7512
6/30/2025 19:11,85.5669,57.7817
6/30/2025 19:12,85.6055,57.7817
6/30/2025 19:13,85.6055,57.8123
6/30/2025 19:14,85.6441,57.8123
6/30/2025 19:15,85.6441,57.7817
6/30/2025 19:16,85.6634,57.8428
6/30/2025 19:17,85.6441,57.8428
6/30/2025 19:18,85.6634,57.9038
6/30/2025 19:19,85.6634,57.9038
6/30/2025 19:20,85.6827,57.9038
6/30/2025 19:21,85.6827,57.9343
6/30/2025 19:22,85.6634,57.9038
6/30/2025 19:23,85.6827,57.9954
6/30/2025 19:24,85.702,57.9954
6/30/2025 19:25,85.702,57.9954
6/30/2025 19:26,85.7213,57.9954
6/30/2025 19:27,85.6827,57.9954
6/30/2025 19:28,85.6827,57.9954
6/30/2025 19:29,85.6634,58.0259
6/30/2025 19:30,85.6441,57.9954
6/30/2025 19:31,85.6248,57.9954
6/30/2025 19:32,85.6055,57.9954
6/30/2025 19:33,85.5862,57.9954
6/30/2025 19:34,85.5669,58.0259
6/30/2025 19:35,85.5476,58.0564
6/30/2025 19:36,85.5283,58.0869
6/30/2025 19:37,85.5283,58.0869
6/30/2025 19:38,85.509,58.1174
6/30/2025 19:39,85.4896,58.1479
6/30/2025 19:40,85.4896,58.1479
6/30/2025 19:41,85.4703,58.1479
6/30/2025 19:42,85.4317,58.1479
6/30/2025 19:43,85.4317,58.1479
6/30/2025 19:44,85.4317,58.1479
6/30/2025 19:45,85.4124,58.1785
6/30/2025 19:46,85.4124,58.2395
6/30/2025 19:47,85.4317,58.209
6/30/2025 19:48,85.451,58.209
6/30/2025 19:49,85.451,58.209
6/30/2025 19:50,85.4703,58.1785
6/30/2025 19:51,85.451,58.1479
6/30/2025 19:52,85.451,58.1479
6/30/2025 19:53,85.4124,58.1479
6/30/2025 19:54,85.4124,58.1174
6/30/2025 19:55,85.3931,58.1174
6/30/2025 19:56,85.3738,58.1174
6/30/2025 19:57,85.3545,58.1479
6/30/2025 19:58,85.3352,58.1479
6/30/2025 19:59,85.3352,58.1479
6/30/2025 20:00,85.3352,58.1479
6/30/2025 20:01,85.3159,58.1479
6/30/2025 20:02,85.3159,58.1174
6/30/2025 20:03,85.2966,58.1174
6/30/2025 20:04,85.2966,58.1479
6/30/2025 20:05,85.2773,58.1479
6/30/2025 20:06,85.2773,58.1479
6/30/2025 20:07,85.2773,58.1479
6/30/2025 20:08,85.258,58.1479
6/30/2025 20:09,85.2387,58.1174
6/30/2025 20:10,85.2387,58.1479
6/30/2025 20:11,85.258,58.1785
6/30/2025 20:12,85.2773,58.1785
6/30/2025 20:13,85.2773,58.1785
6/30/2025 20:14,85.2966,58.1785
6/30/2025 20:15,85.3159,58.209
6/30/2025 20:16,85.3352,58.209
6/30/2025 20:17,85.3545,58.1785
6/30/2025 20:18,85.3545,58.1479
6/30/2025 20:19,85.3738,58.1174
6/30/2025 20:20,85.3931,58.1479
6/30/2025 20:21,85.3931,58.1479
6/30/2025 20:22,85.3931,58.1174
6/30/2025 20:23,85.4124,58.1174
6/30/2025 20:24,85.4124,58.1174
6/30/2025 20:25,85.4124,58.0869
6/30/2025 20:26,85.4124,58.0869
6/30/2025 20:27,85.3931,58.0869
6/30/2025 20:28,85.3931,58.0564
6/30/2025 20:29,85.3738,58.0564
6/30/2025 20:30,85.3545,58.0869
6/30/2025 20:31,85.3545,58.0869
6/30/2025 20:32,85.3545,58.1174
6/30/2025 20:33,85.3159,58.1479
6/30/2025 20:34,85.3159,58.1785
6/30/2025 20:35,85.3159,58.1479
6/30/2025 20:36,85.2966,58.1479
6/30/2025 20:37,85.2966,58.1785
6/30/2025 20:38,85.2773,58.1785
6/30/2025 20:39,85.2773,58.209
6/30/2025 20:40,85.258,58.209
6/30/2025 20:41,85.258,58.209
6/30/2025 20:42,85.2387,58.2395
6/30/2025 20:43,85.258,58.27
6/30/2025 20:44,85.258,58.27
6/30/2025 20:45,85.258,58.3311
6/30/2025 20:46,85.258,58.3311
6/30/2025 20:47,85.2387,58.3311
6/30/2025 20:48,85.258,58.3616
6/30/2025 20:49,85.258,58.3616
6/30/2025 20:50,85.258,58.3616
6/30/2025 20:51,85.258,58.3921
6/30/2025 20:52,85.2773,58.4226
6/30/2025 20:53,85.2773,58.4226
6/30/2025 20:54,85.2773,58.4226
6/30/2025 20:55,85.2773,58.4226
6/30/2025 20:56,85.2773,58.4226
6/30/2025 20:57,85.2773,58.4531
6/30/2025 20:58,85.2773,58.4836
6/30/2025 20:59,85.2966,58.4836
6/30/2025 21:00,85.2966,58.4836
6/30/2025 21:01,85.3159,58.5142
6/30/2025 21:02,85.3159,58.5142
6/30/2025 21:03,85.3159,58.5752
6/30/2025 21:04,85.3159,58.5752
6/30/2025 21:05,85.3352,58.5752
6/30/2025 21:06,85.3352,58.5447
6/30/2025 21:07,85.3352,58.5447
6/30/2025 21:08,85.3159,58.5447
6/30/2025 21:09,85.3159,58.6057
6/30/2025 21:10,85.3159,58.6057
6/30/2025 21:11,85.3352,58.6057
6/30/2025 21:12,85.3352,58.6362
6/30/2025 21:13,85.3352,58.6362
6/30/2025 21:14,85.3545,58.6667
6/30/2025 21:15,85.3545,58.6667
6/30/2025 21:16,85.3738,58.6973
6/30/2025 21:17,85.3931,58.6973
6/30/2025 21:18,85.3931,58.6973
6/30/2025 21:19,85.3931,58.6973
6/30/2025 21:20,85.4124,58.6973
6/30/2025 21:21,85.4124,58.6973
6/30/2025 21:22,85.4124,58.7583
6/30/2025 21:23,85.4317,58.7583
6/30/2025 21:24,85.4317,58.7583
6/30/2025 21:25,85.4317,58.7583
6/30/2025 21:26,85.4317,58.7888
6/30/2025 21:27,85.451,58.7888
6/30/2025 21:28,85.451,58.7583
6/30/2025 21:29,85.4703,58.7888
6/30/2025 21:30,85.4896,58.8193
6/30/2025 21:31,85.5283,58.8193
6/30/2025 21:32,85.5283,58.8499
6/30/2025 21:33,85.5283,58.8499
6/30/2025 21:34,85.5283,58.8193
6/30/2025 21:35,85.5283,58.8193
6/30/2025 21:36,85.5476,58.8193
6/30/2025 21:37,85.5283,58.8193
6/30/2025 21:38,85.5283,58.8193
6/30/2025 21:39,85.5283,58.8193
6/30/2025 21:40,85.5283,58.8193
6/30/2025 21:41,85.5283,58.8499
6/30/2025 21:42,85.5283,58.8804
6/30/2025 21:43,85.5283,58.9109
6/30/2025 21:44,85.5283,58.9414
6/30/2025 21:45,85.5283,58.9414
6/30/2025 21:46,85.5283,58.9414
6/30/2025 21:47,85.5283,58.9414
6/30/2025 21:48,85.5283,58.9414
6/30/2025 21:49,85.5283,58.9719
6/30/2025 21:50,85.5669,58.9719
6/30/2025 21:51,85.5862,58.9414
6/30/2025 21:52,85.5669,58.9414
6/30/2025 21:53,85.5669,58.9414
6/30/2025 21:54,85.5283,58.9414
6/30/2025 21:55,85.5283,58.9414
6/30/2025 21:56,85.5283,58.9414
6/30/2025 21:57,85.5283,58.9414
6/30/2025 21:58,85.509,59.0024
6/30/2025 21:59,85.509,59.033
6/30/2025 22:00,85.5283,59.0635
6/30/2025 22:01,85.5283,59.094
6/30/2025 22:02,85.5283,59.094
6/30/2025 22:03,85.5283,59.094
6/30/2025 22:04,85.5283,59.094
6/30/2025 22:05,85.509,59.1245
6/30/2025 22:06,85.509,59.155
6/30/2025 22:07,85.5283,59.155
6/30/2025 22:08,85.5283,59.1855
6/30/2025 22:09,85.5283,59.2161
6/30/2025 22:10,85.5283,59.2161
6/30/2025 22:11,85.5283,59.2466
6/30/2025 22:12,85.5283,59.2466
6/30/2025 22:13,85.5476,59.2161
6/30/2025 22:14,85.5476,59.2161
6/30/2025 22:15,85.5476,59.2466
6/30/2025 22:16,85.5476,59.2161
6/30/2025 22:17,85.5283,59.2161
6/30/2025 22:18,85.5283,59.2161
6/30/2025 22:19,85.5283,59.2161
6/30/2025 22:20,85.509,59.2161
6/30/2025 22:21,85.509,59.2161
6/30/2025 22:22,85.4896,59.2161
6/30/2025 22:23,85.4703,59.2161
6/30/2025 22:24,85.451,59.2161
6/30/2025 22:25,85.4317,59.2161
6/30/2025 22:26,85.4317,59.2161
6/30/2025 22:27,85.4317,59.2466
6/30/2025 22:28,85.4124,59.2466
6/30/2025 22:29,85.4317,59.2771
6/30/2025 22:30,85.4317,59.2771
6/30/2025 22:31,85.4317,59.3076
6/30/2025 22:32,85.4317,59.2771
6/30/2025 22:33,85.4317,59.2771
6/30/2025 22:34,85.4124,59.2771
6/30/2025 22:35,85.4317,59.3381
6/30/2025 22:36,85.451,59.3381
6/30/2025 22:37,85.451,59.3076
6/30/2025 22:38,85.451,59.3076
6/30/2025 22:39,85.451,59.2771
6/30/2025 22:40,85.451,59.2771
6/30/2025 22:41,85.4317,59.2771
6/30/2025 22:42,85.4317,59.2771
6/30/2025 22:43,85.4124,59.2466
6/30/2025 22:44,85.4124,59.2466
6/30/2025 22:45,85.3931,59.2466
6/30/2025 22:46,85.3931,59.2466
6/30/2025 22:47,85.3738,59.2771
6/30/2025 22:48,85.3738,59.2771
6/30/2025 22:49,85.3738,59.2771
6/30/2025 22:50,85.3738,59.2771
6/30/2025 22:51,85.3545,59.2771
6/30/2025 22:52,85.3738,59.2771
6/30/2025 22:53,85.3545,59.2771
6/30/2025 22:54,85.3738,59.2771
6/30/2025 22:55,85.3738,59.2771
6/30/2025 22:56,85.3931,59.2771
6/30/2025 22:57,85.3931,59.2771
6/30/2025 22:58,85.3931,59.2771
6/30/2025 22:59,85.3931,59.2466
6/30/2025 23:00,85.3738,59.2771
6/30/2025 23:01,85.3738,59.2466
6/30/2025 23:02,85.3738,59.2466
6/30/2025 23:03,85.3545,59.2771
6/30/2025 23:04,85.3352,59.2771
6/30/2025 23:05,85.3352,59.2771
6/30/2025 23:06,85.3352,59.2466
6/30/2025 23:07,85.3352,59.2466
6/30/2025 23:08,85.3159,59.2466
6/30/2025 23:09,85.3159,59.2466
6/30/2025 23:10,85.3159,59.2161
6/30/2025 23:11,85.3159,59.2466
6/30/2025 23:12,85.3159,59.2161
6/30/2025 23:13,85.3159,59.2161
6/30/2025 23:14,85.3159,59.1855
6/30/2025 23:15,85.3159,59.2466
6/30/2025 23:16,85.3159,59.2161
6/30/2025 23:17,85.3159,59.2161
6/30/2025 23:18,85.3159,59.2161
6/30/2025 23:19,85.3159,59.155
6/30/2025 23:20,85.3159,59.1855
6/30/2025 23:21,85.3159,59.1855
6/30/2025 23:22,85.3159,59.155
6/30/2025 23:23,85.2966,59.1855
6/30/2025 23:24,85.2966,59.155
6/30/2025 23:25,85.2966,59.1245
6/30/2025 23:26,85.2966,59.1245
6/30/2025 23:27,85.2966,59.1245
6/30/2025 23:28,85.2966,59.1245
6/30/2025 23:29,85.2966,59.1245
6/30/2025 23:30,85.2966,59.1245
6/30/2025 23:31,85.2773,59.094
6/30/2025 23:32,85.2966,59.094
6/30/2025 23:33,85.2773,59.094
6/30/2025 23:34,85.2773,59.094
6/30/2025 23:35,85.2773,59.094
6/30/2025 23:36,85.2773,59.094
6/30/2025 23:37,85.2773,59.094
6/30/2025 23:38,85.2773,59.094
6/30/2025 23:39,85.2773,59.094
6/30/2025 23:40,85.2773,59.094
6/30/2025 23:41,85.2966,59.0635
6/30/2025 23:42,85.2966,59.0635
6/30/2025 23:43,85.2773,59.0635
6/30/2025 23:44,85.2773,59.0635
6/30/2025 23:45,85.2773,59.033
6/30/2025 23:46,85.2773,59.033
6/30/2025 23:47,85.2773,59.033
6/30/2025 23:48,85.2773,59.033
6/30/2025 23:49,85.2773,59.033
6/30/2025 23:50,85.2773,59.033
6/30/2025 23:51,85.2773,59.033
6/30/2025 23:52,85.2773,59.0024
6/30/2025 23:53,85.2773,59.0024
6/30/2025 23:54,85.2773,59.0024
6/30/2025 23:55,85.258,59.0024
6/30/2025 23:56,85.2773,59.0024
6/30/2025 23:57,85.258,59.0024
6/30/2025 23:58,85.258,59.0024
6/30/2025 23:59,85.258,58.9719
7/1/2025 0:00,85.258,58.9719
7/1/2025 0:01,85.258,58.9719
7/1/2025 0:02,85.258,58.9719
7/1/2025 0:03,85.258,58.9719
7/1/2025 0:04,85.258,58.9719
7/1/2025 0:05,85.258,58.9719
7/1/2025 0:06,85.258,58.9719
7/1/2025 0:07,85.258,58.9719
7/1/2025 0:08,85.258,58.9414
7/1/2025 0:09,85.258,58.9719
7/1/2025 0:10,85.2773,59.0024
7/1/2025 0:11,85.3159,59.033
7/1/2025 0:12,85.3159,58.9719
7/1/2025 0:13,85.3352,59.0024
7/1/2025 0:14,85.3545,58.9414
7/1/2025 0:15,85.3545,58.9414
7/1/2025 0:16,85.3545,58.9414
7/1/2025 0:17,85.3545,58.9414
7/1/2025 0:18,85.3352,58.9109
7/1/2025 0:19,85.3352,58.9109
7/1/2025 0:20,85.3159,58.9109
7/1/2025 0:21,85.3159,58.9109
7/1/2025 0:22,85.3159,58.9109
7/1/2025 0:23,85.3159,58.9109
7/1/2025 0:24,85.3159,58.9109
7/1/2025 0:25,85.3159,58.9109
7/1/2025 0:26,85.3159,58.9109
7/1/2025 0:27,85.3159,58.8804
7/1/2025 0:28,85.2966,58.8804
7/1/2025 0:29,85.3159,58.9109
7/1/2025 0:30,85.3159,58.8804
7/1/2025 0:31,85.3159,58.8499
7/1/2025 0:32,85.2966,58.8499
7/1/2025 0:33,85.3159,58.8499
7/1/2025 0:34,85.2966,58.8193
7/1/2025 0:35,85.2966,58.8193
7/1/2025 0:36,85.2966,58.8499
7/1/2025 0:37,85.2966,58.8499
7/1/2025 0:38,85.2773,58.8193
7/1/2025 0:39,85.2773,58.8193
7/1/2025 0:40,85.2773,58.8193
7/1/2025 0:41,85.2773,58.8499
7/1/2025 0:42,85.2773,58.8499
7/1/2025 0:43,85.2773,58.8499
7/1/2025 0:44,85.2966,58.8193
7/1/2025 0:45,85.2773,58.8193
7/1/2025 0:46,85.2966,58.8193
7/1/2025 0:47,85.2966,58.8499
7/1/2025 0:48,85.2773,58.8193
7/1/2025 0:49,85.2773,58.8193
7/1/2025 0:50,85.2773,58.8193
7/1/2025 0:51,85.2773,58.8193
7/1/2025 0:52,85.2773,58.7888
7/1/2025 0:53,85.2773,58.7888
7/1/2025 0:54,85.2773,58.7888
7/1/2025 0:55,85.2773,58.7888
7/1/2025 0:56,85.2773,58.7888
7/1/2025 0:57,85.2773,58.7583
7/1/2025 0:58,85.2773,58.7583
7/1/2025 0:59,85.2773,58.7583
7/1/2025 1:00,85.2773,58.7583
7/1/2025 1:01,85.2773,58.7583
7/1/2025 1:02,85.2773,58.7583
7/1/2025 1:03,85.2773,58.7278
7/1/2025 1:04,85.2773,58.7583
7/1/2025 1:05,85.2773,58.7583
7/1/2025 1:06,85.2773,58.7278
7/1/2025 1:07,85.2773,58.7583
7/1/2025 1:08,85.2773,58.7583
7/1/2025 1:09,85.2773,58.7278
7/1/2025 1:10,85.2773,58.7278
7/1/2025 1:11,85.258,58.7278
7/1/2025 1:12,85.258,58.7278
7/1/2025 1:13,85.258,58.7278
7/1/2025 1:14,85.258,58.7278
7/1/2025 1:15,85.258,58.7278
7/1/2025 1:16,85.258,58.7278
7/1/2025 1:17,85.258,58.7278
7/1/2025 1:18,85.2773,58.7278
7/1/2025 1:19,85.2773,58.7278
7/1/2025 1:20,85.2773,58.7278
7/1/2025 1:21,85.2773,58.7278
7/1/2025 1:22,85.2773,58.7278
7/1/2025 1:23,85.258,58.7278
7/1/2025 1:24,85.258,58.7278
7/1/2025 1:25,85.258,58.7278
7/1/2025 1:26,85.258,58.7278
7/1/2025 1:27,85.2773,58.7278
7/1/2025 1:28,85.258,58.7278
7/1/2025 1:29,85.258,58.7278
7/1/2025 1:30,85.2773,58.7278
7/1/2025 1:31,85.258,58.6973
7/1/2025 1:32,85.2773,58.6973
7/1/2025 1:33,85.258,58.6973
7/1/2025 1:34,85.258,58.6667
7/1/2025 1:35,85.2773,58.6667
7/1/2025 1:36,85.258,58.6667
7/1/2025 1:37,85.2773,58.6667
7/1/2025 1:38,85.2773,58.6667
7/1/2025 1:39,85.258,58.6362
7/1/2025 1:40,85.258,58.6362
7/1/2025 1:41,85.258,58.6362
7/1/2025 1:42,85.258,58.6667
7/1/2025 1:43,85.258,58.6362
7/1/2025 1:44,85.258,58.6362
7/1/2025 1:45,85.258,58.6362
7/1/2025 1:46,85.258,58.6362
7/1/2025 1:47,85.258,58.6362
7/1/2025 1:48,85.258,58.6362
7/1/2025 1:49,85.258,58.6362
7/1/2025 1:50,85.2387,58.6362
7/1/2025 1:51,85.258,58.6362
7/1/2025 1:52,85.258,58.6362
7/1/2025 1:53,85.258,58.6362
7/1/2025 1:54,85.258,58.6362
7/1/2025 1:55,85.258,58.6362
7/1/2025 1:56,85.258,58.6057
7/1/2025 1:57,85.258,58.6057
7/1/2025 1:58,85.258,58.6057
7/1/2025 1:59,85.258,58.6057
7/1/2025 2:00,85.258,58.6057
7/1/2025 2:01,85.258,58.6057
7/1/2025 2:02,85.258,58.6057
7/1/2025 2:03,85.258,58.6057
7/1/2025 2:04,85.258,58.5752
7/1/2025 2:05,85.258,58.6057
7/1/2025 2:06,85.258,58.6057
7/1/2025 2:07,85.2773,58.5752
7/1/2025 2:08,85.2773,58.6057
7/1/2025 2:09,85.2966,58.6057
7/1/2025 2:10,85.2966,58.5752
7/1/2025 2:11,85.3159,58.6057
7/1/2025 2:12,85.3159,58.6057
7/1/2025 2:13,85.3159,58.5752
7/1/2025 2:14,85.3159,58.6057
7/1/2025 2:15,85.3159,58.6057
7/1/2025 2:16,85.3545,58.6057
7/1/2025 2:17,85.3545,58.5447
7/1/2025 2:18,85.3545,58.5447
7/1/2025 2:19,85.3738,58.5447
7/1/2025 2:20,85.3738,58.5447
7/1/2025 2:21,85.3931,58.5447
7/1/2025 2:22,85.3931,58.4836
7/1/2025 2:23,85.3738,58.4531
7/1/2025 2:24,85.3738,58.4531
7/1/2025 2:25,85.3545,58.4531
7/1/2025 2:26,85.3545,58.4531
7/1/2025 2:27,85.3545,58.4531
7/1/2025 2:28,85.3352,58.4531
7/1/2025 2:29,85.3159,58.4531
7/1/2025 2:30,85.3159,58.4226
7/1/2025 2:31,85.3159,58.4836
7/1/2025 2:32,85.3159,58.4531
7/1/2025 2:33,85.2966,58.4531
7/1/2025 2:34,85.2966,58.4226
7/1/2025 2:35,85.2966,58.4531
7/1/2025 2:36,85.2773,58.4531
7/1/2025 2:37,85.2773,58.4531
7/1/2025 2:38,85.2773,58.4531
7/1/2025 2:39,85.2773,58.4531
7/1/2025 2:40,85.258,58.4531
7/1/2025 2:41,85.258,58.4531
7/1/2025 2:42,85.258,58.4531
7/1/2025 2:43,85.2387,58.4531
7/1/2025 2:44,85.258,58.4531
7/1/2025 2:45,85.2387,58.4531
7/1/2025 2:46,85.2387,58.4531
7/1/2025 2:47,85.2387,58.4531
7/1/2025 2:48,85.2387,58.4531
7/1/2025 2:49,85.2387,58.4226
7/1/2025 2:50,85.2194,58.4531
7/1/2025 2:51,85.2194,58.4531
7/1/2025 2:52,85.2387,58.4531
7/1/2025 2:53,85.2194,58.4226
7/1/2025 2:54,85.2194,58.4531
7/1/2025 2:55,85.2194,58.4531
7/1/2025 2:56,85.2194,58.4226
7/1/2025 2:57,85.2194,58.4226
7/1/2025 2:58,85.2194,58.4226
7/1/2025 2:59,85.2194,58.4531
7/1/2025 3:00,85.2387,58.4226
7/1/2025 3:01,85.2387,58.4226
7/1/2025 3:02,85.2387,58.4226
7/1/2025 3:03,85.2387,58.3921
7/1/2025 3:04,85.2387,58.3921
7/1/2025 3:05,85.2387,58.3921
7/1/2025 3:06,85.2387,58.3921
7/1/2025 3:07,85.258,58.3921
7/1/2025 3:08,85.258,58.3921
7/1/2025 3:09,85.258,58.3616
7/1/2025 3:10,85.258,58.3311
7/1/2025 3:11,85.2387,58.3311
7/1/2025 3:12,85.258,58.3616
7/1/2025 3:13,85.2387,58.3311
7/1/2025 3:14,85.2194,58.3311
7/1/2025 3:15,85.2194,58.3311
7/1/2025 3:16,85.2387,58.3616
7/1/2025 3:17,85.258,58.3921
7/1/2025 3:18,85.2773,58.3921
7/1/2025 3:19,85.3159,58.3921
7/1/2025 3:20,85.3159,58.3616
7/1/2025 3:21,85.3352,58.3616
7/1/2025 3:22,85.3545,58.3005
7/1/2025 3:23,85.3545,58.2395
7/1/2025 3:24,85.3545,58.2395
7/1/2025 3:25,85.3545,58.2395
7/1/2025 3:26,85.3738,58.27
7/1/2025 3:27,85.3931,58.2395
7/1/2025 3:28,85.3931,58.2395
7/1/2025 3:29,85.4124,58.2395
7/1/2025 3:30,85.4317,58.209
7/1/2025 3:31,85.4317,58.1785
7/1/2025 3:32,85.4317,58.1785
7/1/2025 3:33,85.4317,58.1785
7/1/2025 3:34,85.4317,58.1785
7/1/2025 3:35,85.4317,58.1479
7/1/2025 3:36,85.4317,58.1174
7/1/2025 3:37,85.4124,58.1479
7/1/2025 3:38,85.4124,58.1479
7/1/2025 3:39,85.4124,58.1479
7/1/2025 3:40,85.4124,58.1479
7/1/2025 3:41,85.4317,58.1479
7/1/2025 3:42,85.4317,58.1479
7/1/2025 3:43,85.451,58.1479
7/1/2025 3:44,85.4703,58.1479
7/1/2025 3:45,85.4703,58.0564
7/1/2025 3:46,85.451,58.0564
7/1/2025 3:47,85.4317,58.0564
7/1/2025 3:48,85.451,58.0564
7/1/2025 3:49,85.4317,58.0564
7/1/2025 3:50,85.4317,58.0564
7/1/2025 3:51,85.4124,58.0259
7/1/2025 3:52,85.4124,58.0564
7/1/2025 3:53,85.4124,58.0869
7/1/2025 3:54,85.4124,58.0564
7/1/2025 3:55,85.3931,58.0259
7/1/2025 3:56,85.3738,58.0259
7/1/2025 3:57,85.3545,58.0259
7/1/2025 3:58,85.3159,58.0259
7/1/2025 3:59,85.3159,58.0259
7/1/2025 4:00,85.2966,58.0259
7/1/2025 4:01,85.258,58.0259
7/1/2025 4:02,85.258,58.0564
7/1/2025 4:03,85.2773,58.0869
7/1/2025 4:04,85.258,58.0869
7/1/2025 4:05,85.258,58.0869
7/1/2025 4:06,85.258,58.0869
7/1/2025 4:07,85.2387,58.0564
7/1/2025 4:08,85.2387,58.0564
7/1/2025 4:09,85.2194,58.0564
7/1/2025 4:10,85.2194,58.0869
7/1/2025 4:11,85.2001,58.0869
7/1/2025 4:12,85.2001,58.0869
7/1/2025 4:13,85.1808,58.0869
7/1/2025 4:14,85.1808,58.0869
7/1/2025 4:15,85.1808,58.1174
7/1/2025 4:16,85.1615,58.1174
7/1/2025 4:17,85.1615,58.1174
7/1/2025 4:18,85.1615,58.1174
7/1/2025 4:19,85.1422,58.1174
7/1/2025 4:20,85.1422,58.1479
7/1/2025 4:21,85.1422,58.1479
7/1/2025 4:22,85.1422,58.1479
7/1/2025 4:23,85.1422,58.1785
7/1/2025 4:24,85.1615,58.1785
7/1/2025 4:25,85.1808,58.1785
7/1/2025 4:26,85.1808,58.1479
7/1/2025 4:27,85.1808,58.1479
7/1/2025 4:28,85.1808,58.1479
7/1/2025 4:29,85.1615,58.1174
7/1/2025 4:30,85.1615,58.1479
7/1/2025 4:31,85.1615,58.1174
7/1/2025 4:32,85.1422,58.1174
7/1/2025 4:33,85.1422,58.1479
7/1/2025 4:34,85.1422,58.1479
7/1/2025 4:35,85.1422,58.1479
7/1/2025 4:36,85.1228,58.1479
7/1/2025 4:37,85.1228,58.1479
7/1/2025 4:38,85.1228,58.1785
7/1/2025 4:39,85.1228,58.1785
7/1/2025 4:40,85.1228,58.1785
7/1/2025 4:41,85.1035,58.1785
7/1/2025 4:42,85.1035,58.1785
7/1/2025 4:43,85.1035,58.1785
7/1/2025 4:44,85.1035,58.209
7/1/2025 4:45,85.1035,58.1785
7/1/2025 4:46,85.1035,58.209
7/1/2025 4:47,85.1035,58.209
7/1/2025 4:48,85.1035,58.209
7/1/2025 4:49,85.1035,58.1785
7/1/2025 4:50,85.1035,58.1785
7/1/2025 4:51,85.1035,58.209
7/1/2025 4:52,85.1035,58.1785
7/1/2025 4:53,85.1035,58.1785
7/1/2025 4:54,85.1035,58.1785
7/1/2025 4:55,85.1035,58.1785
7/1/2025 4:56,85.1035,58.1785
7/1/2025 4:57,85.1035,58.1785
7/1/2025 4:58,85.0842,58.1785
7/1/2025 4:59,85.0842,58.1785
7/1/2025 5:00,85.0842,58.209
7/1/2025 5:01,85.1035,58.209
7/1/2025 5:02,85.1228,58.209
7/1/2025 5:03,85.1228,58.209
7/1/2025 5:04,85.1228,58.1785
7/1/2025 5:05,85.1228,58.1785
7/1/2025 5:06,85.1228,58.1785
7/1/2025 5:07,85.1228,58.1785
7/1/2025 5:08,85.1035,58.1785
7/1/2025 5:09,85.1422,58.209
7/1/2025 5:10,85.1615,58.209
7/1/2025 5:11,85.1615,58.1785
7/1/2025 5:12,85.2001,58.209
7/1/2025 5:13,85.2194,58.1785
7/1/2025 5:14,85.2387,58.1479
7/1/2025 5:15,85.258,58.1479
7/1/2025 5:16,85.2773,58.1174
7/1/2025 5:17,85.2773,58.0869
7/1/2025 5:18,85.3159,58.0869
7/1/2025 5:19,85.2966,58.0564
7/1/2025 5:20,85.3159,58.0259
7/1/2025 5:21,85.3159,58.0259
7/1/2025 5:22,85.3159,58.0564
7/1/2025 5:23,85.3159,58.0259
7/1/2025 5:24,85.3159,57.9954
7/1/2025 5:25,85.3159,58.0259
7/1/2025 5:26,85.3352,58.0564
7/1/2025 5:27,85.3352,58.0259
7/1/2025 5:28,85.3352,57.9954
7/1/2025 5:29,85.3352,57.9954
7/1/2025 5:30,85.3352,57.9954
7/1/2025 5:31,85.3352,57.9648
7/1/2025 5:32,85.3352,57.9648
7/1/2025 5:33,85.3159,57.9648
7/1/2025 5:34,85.3352,57.9648
7/1/2025 5:35,85.3159,57.9648
7/1/2025 5:36,85.3352,57.9954
7/1/2025 5:37,85.3352,57.9648
7/1/2025 5:38,85.3159,57.9343
7/1/2025 5:39,85.3159,57.9038
7/1/2025 5:40,85.2966,57.8733
7/1/2025 5:41,85.258,57.8733
7/1/2025 5:42,85.2387,57.9038
7/1/2025 5:43,85.2194,57.9038
7/1/2025 5:44,85.2194,57.9343
7/1/2025 5:45,85.1808,57.9343
7/1/2025 5:46,85.1615,57.9648
7/1/2025 5:47,85.1615,57.9954
7/1/2025 5:48,85.1422,57.9954
7/1/2025 5:49,85.1228,57.9954
7/1/2025 5:50,85.1228,57.9954
7/1/2025 5:51,85.1035,58.0259
7/1/2025 5:52,85.1035,58.0259
7/1/2025 5:53,85.0842,58.0259
7/1/2025 5:54,85.1035,58.0564
7/1/2025 5:55,85.0842,58.0564
7/1/2025 5:56,85.0649,58.0564
7/1/2025 5:57,85.0649,58.0564
7/1/2025 5:58,85.0649,58.0564
7/1/2025 5:59,85.0456,58.0564
7/1/2025 6:00,85.0649,58.0869
7/1/2025 6:01,85.0649,58.0869
7/1/2025 6:02,85.0456,58.0564
7/1/2025 6:03,85.0456,58.0564
7/1/2025 6:04,85.0456,58.0869
7/1/2025 6:05,85.0456,58.0869
7/1/2025 6:06,85.0456,58.0869
7/1/2025 6:07,85.0456,58.0869
7/1/2025 6:08,85.0456,58.0869
7/1/2025 6:09,85.0456,58.0869
7/1/2025 6:10,85.0456,58.0869
7/1/2025 6:11,85.0456,58.0869
7/1/2025 6:12,85.0456,58.0564
7/1/2025 6:13,85.0456,58.0869
7/1/2025 6:14,85.0456,58.0869
7/1/2025 6:15,85.0456,58.0869
7/1/2025 6:16,85.0456,58.0869
7/1/2025 6:17,85.0456,58.0564
7/1/2025 6:18,85.0456,58.0869
7/1/2025 6:19,85.0456,58.0869
7/1/2025 6:20,85.0263,58.0869
7/1/2025 6:21,85.0456,58.0869
7/1/2025 6:22,85.0456,58.0564
7/1/2025 6:23,85.0456,58.0564
7/1/2025 6:24,85.0456,58.0564
7/1/2025 6:25,85.0456,58.0564
7/1/2025 6:26,85.0456,58.0564
7/1/2025 6:27,85.0456,58.0564
7/1/2025 6:28,85.0456,58.0564
7/1/2025 6:29,85.0456,58.0564
7/1/2025 6:30,85.0456,58.0564
7/1/2025 6:31,85.0456,58.0564
7/1/2025 6:32,85.0456,58.0564
7/1/2025 6:33,85.0456,58.0564
7/1/2025 6:34,85.0456,58.0564
7/1/2025 6:35,85.0456,58.0564
7/1/2025 6:36,85.0456,58.0564
7/1/2025 6:37,85.0456,58.0564
7/1/2025 6:38,85.0456,58.0564
7/1/2025 6:39,85.0456,58.0564
7/1/2025 6:40,85.0263,58.0564
7/1/2025 6:41,85.0456,58.0564
7/1/2025 6:42,85.0263,58.0564
7/1/2025 6:43,85.0263,58.0564
7/1/2025 6:44,85.0263,58.0259
7/1/2025 6:45,85.0263,58.0259
7/1/2025 6:46,85.0263,58.0259
7/1/2025 6:47,85.0263,58.0259
7/1/2025 6:48,85.0263,58.0259
7/1/2025 6:49,85.0263,58.0259
7/1/2025 6:50,85.0263,57.9954
7/1/2025 6:51,85.007,58.0259
7/1/2025 6:52,85.0263,57.9954
7/1/2025 6:53,85.0263,57.9954
7/1/2025 6:54,85.0263,57.9648
7/1/2025 6:55,85.0263,57.9648
7/1/2025 6:56,85.007,57.9954
7/1/2025 6:57,85.007,57.9648
7/1/2025 6:58,85.007,57.9954
7/1/2025 6:59,85.007,57.9954
7/1/2025 7:00,84.9877,57.9954
7/1/2025 7:01,85.007,57.9954
7/1/2025 7:02,85.0263,57.9954
7/1/2025 7:03,85.007,57.9648
7/1/2025 7:04,85.007,57.9648
7/1/2025 7:05,85.0263,57.9648
7/1/2025 7:06,85.0263,57.9648
7/1/2025 7:07,85.007,57.9648
7/1/2025 7:08,84.9877,57.9648
7/1/2025 7:09,85.007,57.9343
7/1/2025 7:10,84.9877,57.9343
7/1/2025 7:11,85.007,57.9343
7/1/2025 7:12,84.9877,57.9343
7/1/2025 7:13,85.007,57.9343
7/1/2025 7:14,85.007,57.9343
7/1/2025 7:15,84.9877,57.9343
7/1/2025 7:16,84.9877,57.9343
7/1/2025 7:17,84.9877,57.9343
7/1/2025 7:18,84.9877,57.9343
7/1/2025 7:19,84.9877,57.9038
7/1/2025 7:20,84.9877,57.9038
7/1/2025 7:21,84.9877,57.9038
7/1/2025 7:22,84.9877,57.9038
7/1/2025 7:23,84.9877,57.9343
7/1/2025 7:24,84.9877,57.9038
7/1/2025 7:25,84.9877,57.9038
7/1/2025 7:26,84.9877,57.9038
7/1/2025 7:27,84.9877,57.9038
7/1/2025 7:28,84.9684,57.9038
7/1/2025 7:29,84.9877,57.9038
7/1/2025 7:30,84.9877,57.9038
7/1/2025 7:31,84.9684,57.9038
7/1/2025 7:32,84.9684,57.9038
7/1/2025 7:33,84.9684,57.9038
7/1/2025 7:34,84.9684,57.9038
7/1/2025 7:35,84.9684,57.8733
7/1/2025 7:36,84.9877,57.8733
7/1/2025 7:37,84.9877,57.8733
7/1/2025 7:38,84.9877,57.8733
7/1/2025 7:39,84.9877,57.8733
7/1/2025 7:40,84.9877,57.8733
7/1/2025 7:41,84.9684,57.8733
7/1/2025 7:42,84.9684,57.8733
7/1/2025 7:43,84.9684,57.8733
7/1/2025 7:44,84.9684,57.8428
7/1/2025 7:45,84.9684,57.8733
7/1/2025 7:46,84.9684,57.8733
7/1/2025 7:47,84.9491,57.8428
7/1/2025 7:48,84.9491,57.8733
7/1/2025 7:49,84.9684,57.8733
7/1/2025 7:50,84.9491,57.9038
7/1/2025 7:51,84.9877,57.9343
7/1/2025 7:52,85.007,57.9038
7/1/2025 7:53,85.0263,57.8428
7/1/2025 7:54,85.0263,57.8428
7/1/2025 7:55,85.0263,57.8428
7/1/2025 7:56,85.007,57.8123
7/1/2025 7:57,85.0263,57.8123
7/1/2025 7:58,85.007,57.8123
7/1/2025 7:59,84.9877,57.8123
7/1/2025 8:00,84.9877,57.8123
7/1/2025 8:01,84.9877,57.8123
7/1/2025 8:02,84.9877,57.8123
7/1/2025 8:03,84.9877,57.8123
7/1/2025 8:04,84.9877,57.8123
7/1/2025 8:05,84.9684,57.8428
7/1/2025 8:06,84.9684,57.8123
7/1/2025 8:07,84.9491,57.8123
7/1/2025 8:08,84.9491,57.8428
7/1/2025 8:09,84.9491,57.8428
7/1/2025 8:10,84.9491,57.8428
7/1/2025 8:11,84.9491,57.8428
7/1/2025 8:12,84.9491,57.8428
7/1/2025 8:13,84.9298,57.8428
7/1/2025 8:14,84.9298,57.8428
7/1/2025 8:15,84.9298,57.8733
7/1/2025 8:16,84.9298,57.8733
7/1/2025 8:17,84.9298,57.8733
7/1/2025 8:18,84.9491,57.8733
7/1/2025 8:19,84.9298,57.8733
7/1/2025 8:20,84.9298,57.8733
7/1/2025 8:21,84.9491,57.9038
7/1/2025 8:22,84.9684,57.9038
7/1/2025 8:23,84.9684,57.9038
7/1/2025 8:24,84.9684,57.9038
7/1/2025 8:25,84.9684,57.9038
7/1/2025 8:26,84.9684,57.9038
7/1/2025 8:27,84.9684,57.9038
7/1/2025 8:28,84.9684,57.9038
7/1/2025 8:29,84.9684,57.9038
7/1/2025 8:30,84.9684,57.9038
7/1/2025 8:31,84.9684,57.9038
7/1/2025 8:32,84.9684,57.9038
7/1/2025 8:33,84.9684,57.9038
7/1/2025 8:34,84.9684,57.9038
7/1/2025 8:35,84.9684,57.9038
7/1/2025 8:36,84.9684,57.9038
7/1/2025 8:37,84.9684,57.9038
7/1/2025 8:38,84.9684,57.9038
7/1/2025 8:39,84.9684,57.9038
7/1/2025 8:40,84.9684,57.9038
7/1/2025 8:41,84.9684,57.9038
7/1/2025 8:42,84.9684,57.9038
7/1/2025 8:43,84.9684,57.9038
7/1/2025 8:44,84.9684,57.9038
7/1/2025 8:45,84.9684,57.9038
7/1/2025 8:46,85.1808,57.8733
7/1/2025 8:47,85.1808,57.8733
7/1/2025 8:48,85.1808,57.8733
7/1/2025 8:49,85.1808,57.8733
